{
    "plugins": [
        "mobi.monaca.plugins.Monaca"
    ],
    "framework_version": "3.5",
    "xcode_version": null,
    "cordova_version": "5.2",
    "plugin_settings": [],
    "external_plugins": [
        "cordova-plugin-whitelist@1.0.0",
        "cordova-plugin-splashscreen@2.1.0",
        "cordova-plugin-dialogs@1.1.1"
    ],
    "title-ja": "MonacaFirstApp",
    "title-en": "",
    "description-ja": "【Monaca問題集】『オンラインランキング機能を作ってみよう！「連打ゲーム」』",
    "description-en": "",
    "category": "User Template",
    "platform": [
        "android",
        "ios"
    ],
    "name": "generated-1467348192-57722d9afd17346325799376"
}