{
  "name": "ncmb",
  "version": "2.1.3",
  "homepage": "http://mb.cloud.nifty.com/",
  "repository": {
    "type": "git",
    "url": "git+https://github.com/NIFTYCloud-mbaas/ncmb_js"
  },
  "description": "JavaScript SDK for NiftyCloud mobile backend",
  "main": "ncmb.min.js",
  "keywords": [
    "mbaas",
    "parse",
    "development",
    "sdk",
    "smartphone",
    "tool",
    "pushnotification"
  ],
  "license": "Apache License Version 2.0",
  "ignore": [
    "coverage",
    "scratch/",
    "**/.*",
    "node_modules",
    "bower_components",
    "config",
    "lib",
    "test",
    "CONTRIBUTING.md",
    "package.json"
  ],
  "_release": "2.1.3",
  "_resolution": {
    "type": "version",
    "tag": "v2.1.3",
    "commit": "e1eb188cc24af3c0eaa66859845527f049d336de"
  },
  "_source": "https://github.com/NIFTYCloud-mbaas/ncmb_js.git",
  "_target": "2.1.3",
  "_originalSource": "ncmb",
  "_direct": true
}